id,employee_id,clock_type,building,start_date,end_date,hours
1,990002,2,Building A,2020-11-18,2020-11-18,2
2,990001,2,Building A,2021-01-05,2021-01-05,4
3,990002,2,Building A,2021-02-22,2021-02-22,1
4,990002,2,Building A,2021-03-12,2021-03-12,2
5,990002,2,Building A,2021-03-31,2021-03-31,2
6,990001,2,Building A,2021-06-01,2021-06-01,1
7,990002,2,Building A,2021-06-12,2021-06-12,2
8,990001,2,Building A,2021-08-04,2021-08-04,2
9,990004,2,Building A,2022-02-17,2022-02-17,2
10,990004,2,Building A,2022-04-10,2022-04-10,4
11,990004,2,Building A,2022-04-28,2022-04-28,2
12,990010,2,Building A,2022-06-30,2022-06-30,1
13,990006,2,Building A,2022-07-09,2022-07-09,1
14,990001,2,Building A,2022-07-19,2022-07-19,3
15,990002,2,Building A,2022-08-02,2022-08-02,3
16,990004,2,Building A,2022-08-10,2022-08-10,4
17,990009,2,Building A,2022-08-11,2022-08-11,2
18,990002,2,Building A,2022-08-15,2022-08-15,4
19,990003,2,Building A,2022-08-15,2022-08-15,4
20,990004,2,Building A,2022-08-18,2022-08-18,1
21,990004,2,Building A,2022-08-19,2022-08-19,1
22,990007,2,Building A,2022-09-03,2022-09-03,4
23,990005,2,Building A,2022-09-04,2022-09-04,4
24,990008,2,Building A,2022-09-09,2022-09-09,2
25,990009,2,Building A,2022-09-25,2022-09-25,2
26,990001,2,Building A,2022-10-01,2022-10-01,4
27,990004,2,Building A,2022-10-03,2022-10-03,4
28,990005,2,Building A,2022-11-11,2022-11-11,4
29,990007,2,Building A,2022-11-15,2022-11-15,4
30,990007,2,Building A,2022-11-17,2022-11-17,2
31,990007,2,Building A,2022-11-18,2022-11-18,2
32,990006,2,Building A,2022-11-25,2022-11-25,1
33,990010,2,Building A,2022-11-29,2022-11-29,2
34,990007,2,Building A,2022-12-06,2022-12-06,4
35,990003,2,Building A,2022-12-12,2022-12-12,3
36,990007,2,Building A,2022-12-18,2022-12-18,4
37,990012,2,Building A,2022-12-19,2022-12-19,4
38,990010,2,Building A,2023-01-09,2023-01-09,1
39,990007,2,Building A,2023-01-11,2023-01-11,3
40,990007,2,Building A,2023-01-18,2023-01-18,1
41,990012,2,Building A,2023-01-22,2023-01-22,1
42,990007,2,Building A,2023-01-26,2023-01-26,3
43,990007,2,Building A,2023-02-06,2023-02-06,3
44,990010,2,Building A,2023-02-09,2023-02-09,4
45,990010,2,Building A,2023-02-21,2023-02-21,2
46,990010,2,Building A,2023-02-24,2023-02-24,1
47,990012,2,Building A,2023-03-03,2023-03-03,3
48,990010,2,Building A,2023-03-28,2023-03-28,4
49,990010,2,Building A,2023-03-30,2023-03-30,4
50,990015,2,Building A,2023-08-04,2023-08-04,1
51,990015,2,Building A,2023-08-08,2023-08-08,1
52,990017,2,Building A,2023-08-26,2023-08-26,3
53,990001,2,Building A,2023-09-13,2023-09-13,1
54,990003,2,Building A,2023-09-16,2023-09-16,3
55,990008,2,Building A,2023-09-25,2023-09-25,4
56,990015,2,Building A,2023-09-30,2023-09-30,4
57,990001,2,Building A,2023-11-06,2023-11-06,3
58,990016,2,Building A,2023-11-11,2023-11-11,4
59,990009,2,Building A,2023-11-13,2023-11-13,1
60,990017,2,Building A,2023-11-18,2023-11-18,3
61,990006,2,Building A,2023-11-20,2023-11-20,1
62,990009,2,Building A,2023-11-30,2023-11-30,3
63,990013,2,Building A,2023-12-16,2023-12-16,1
64,990006,2,Building A,2024-01-28,2024-01-28,2
65,990002,2,Building A,2024-01-29,2024-01-29,1
66,990017,2,Building A,2024-02-06,2024-02-06,1
67,990013,2,Building A,2024-02-18,2024-02-18,3
68,990006,2,Building A,2024-02-20,2024-02-20,3
69,990015,2,Building A,2024-02-24,2024-02-24,3
70,990008,2,Building A,2024-02-27,2024-02-27,3
71,990017,2,Building A,2024-03-29,2024-03-29,3
72,990014,2,Building A,2024-04-29,2024-04-29,1
73,990009,2,Building A,2024-05-14,2024-05-14,2
74,990008,2,Building A,2024-07-01,2024-07-01,3
75,990008,2,Building A,2024-09-19,2024-09-19,1
76,990024,2,Building A,2024-10-21,2024-10-21,4
77,990009,2,Building A,2024-10-23,2024-10-23,3
78,990024,2,Building A,2024-10-24,2024-10-24,1
79,990026,2,Building A,2024-10-30,2024-10-30,3
80,990026,2,Building A,2024-10-31,2024-10-31,2
81,990013,2,Building A,2024-11-01,2024-11-01,1
82,990023,2,Building A,2024-11-07,2024-11-07,2
83,990019,2,Building A,2024-11-09,2024-11-09,3
84,990020,2,Building A,2024-12-02,2024-12-02,1
85,990008,2,Building A,2024-12-04,2024-12-04,3
86,990019,2,Building A,2024-12-08,2024-12-08,2
87,990009,2,Building A,2024-12-10,2024-12-10,3
88,990008,2,Building A,2024-12-24,2024-12-24,2
89,990019,2,Building A,2024-12-26,2024-12-26,3
90,990008,2,Building A,2024-12-31,2024-12-31,2
91,990002,2,Building A,2025-01-04,2025-01-04,1
92,990016,2,Building A,2025-01-25,2025-01-25,2
93,990025,2,Building A,2025-01-26,2025-01-26,1
94,990020,2,Building A,2025-02-02,2025-02-02,2
95,990018,2,Building A,2025-02-13,2025-02-13,3
96,990003,2,Building A,2025-02-20,2025-02-20,4
97,990018,2,Building A,2025-02-25,2025-02-25,3
98,990023,2,Building A,2025-03-02,2025-03-02,3
99,990018,2,Building A,2025-03-20,2025-03-20,1
100,990018,2,Building A,2025-03-25,2025-03-25,3
101,990023,2,Building A,2025-03-31,2025-03-31,3
102,990013,2,Building A,2025-04-02,2025-04-02,4
103,990013,2,Building A,2025-04-11,2025-04-11,2
104,990013,2,Building A,2025-04-18,2025-04-18,4
105,990002,2,Building A,2025-04-28,2025-04-28,1
106,990020,2,Building A,2025-04-30,2025-04-30,4
107,990015,2,Building A,2025-05-18,2025-05-18,1
108,990023,2,Building A,2025-05-21,2025-05-21,4
109,990019,2,Building A,2025-05-25,2025-05-25,3
110,990023,2,Building A,2025-06-04,2025-06-04,2
111,990003,2,Building A,2025-06-15,2025-06-15,1
112,990021,2,Building A,2025-06-15,2025-06-15,2
113,990016,2,Building A,2025-06-21,2025-06-21,4
114,990003,2,Building A,2025-07-09,2025-07-09,4
115,990021,2,Building A,2025-07-14,2025-07-14,4
116,990025,2,Building A,2025-07-16,2025-07-16,3
117,990003,2,Building A,2025-07-24,2025-07-24,3
118,990021,2,Building A,2025-07-28,2025-07-28,4
